site,n_patients,n_events,event_rate,median_age,median_followup_days,stage_I_pct,stage_IV_pct
BP,142,39,0.275,59.0,1136.5,61.3,6.3
B0,106,69,0.651,64.0,1234.0,32.1,26.4
CJ,69,25,0.362,60.0,1759.0,29.0,33.3
A3,49,7,0.143,57.0,1137.0,73.5,0.0
CZ,40,17,0.425,62.5,1418.0,27.5,25.0
B8,33,1,0.03,61.0,709.0,60.6,6.1
AK,24,3,0.125,62.0,2229.0,45.8,4.2
CW,15,5,0.333,60.0,2271.0,46.7,33.3
DV,12,2,0.167,52.5,1363.5,91.7,8.3
B2,12,2,0.167,66.5,935.5,66.7,8.3
B4,9,0,0.0,61.0,141.0,55.6,11.1
EU,4,0,0.0,61.0,166.5,75.0,0.0
G6,4,3,0.75,58.5,702.0,50.0,50.0
MM,3,0,0.0,58.0,607.0,33.3,0.0
AS,2,0,0.0,49.0,640.5,100.0,0.0
6D,1,0,0.0,68.0,362.0,100.0,0.0
3Z,1,0,0.0,69.0,385.0,100.0,0.0
GK,1,0,0.0,76.0,61.0,100.0,0.0
MW,1,0,0.0,72.0,498.0,100.0,0.0
T7,1,0,0.0,47.0,356.0,100.0,0.0
