site_group,n_patients,n_events,event_rate,c_m0,c_m1,delta_c,nonzero_rna,elapsed_s
BP,142,39,0.2746,0.7572,0.7822,0.0249,25,1.09
B0,106,69,0.6509,0.706,0.7307,0.0247,9,1.02
CJ,69,25,0.3623,0.731,0.7741,0.0431,19,1.04
A3,49,7,0.1429,0.6292,0.6685,0.0393,25,1.01
CZ,40,17,0.425,0.7249,0.7879,0.0629,14,0.99
B8,33,1,0.0303,1.0,1.0,0.0,21,0.99
AK,24,3,0.125,0.6981,0.6415,-0.0566,27,1.07
CW,15,5,0.3333,0.725,0.75,0.025,16,1.02
B2,12,2,0.1667,0.5,0.5833,0.0833,28,1.04
DV,12,2,0.1667,0.75,0.9167,0.1667,17,1.02
B4,9,0,0.0,,,,24,1.03
OTHER_SITES,18,3,0.1667,0.88,0.76,-0.12,25,1.04
