scheme,seed,repeat_idx,fold_idx,n_train,n_test,c_m0,c_m1,delta_c,uno_m0_3y,uno_m1_3y,uno_m0_5y,uno_m1_5y,best_alpha,elapsed_s
repeated_stratified_kfold,42,0,0,423,106,0.758459,0.781167,0.022707,0.746974,0.770324,0.756003,0.777168,164.5205839115824,1.17
repeated_stratified_kfold,42,0,1,423,106,0.760506,0.784091,0.023585,0.78161,0.791941,0.726027,0.748307,188.52847612234294,1.08
repeated_stratified_kfold,42,0,2,423,106,0.713945,0.708099,-0.005847,0.744072,0.739694,0.706781,0.70155,72.3698757996717,0.99
repeated_stratified_kfold,42,0,3,423,106,0.690732,0.677073,-0.013659,0.683443,0.652537,0.659824,0.650284,161.96603611864077,0.99
repeated_stratified_kfold,42,0,4,424,105,0.818872,0.81128,-0.007592,0.842112,0.832108,0.792106,0.787187,126.98302492643438,0.99
repeated_stratified_kfold,123,1,0,423,106,0.794323,0.822707,0.028384,0.804223,0.825442,0.81477,0.839916,141.5306754218497,1.0
repeated_stratified_kfold,123,1,1,423,106,0.710261,0.713239,0.002978,0.702538,0.704414,0.712801,0.713556,27.72433421609601,1.01
repeated_stratified_kfold,123,1,2,423,106,0.752611,0.748259,-0.004352,0.766317,0.765698,0.745307,0.746248,48.74269580562387,0.98
repeated_stratified_kfold,123,1,3,423,106,0.760688,0.763773,0.003085,0.752996,0.75745,0.727515,0.72951,27.47478016641389,0.98
repeated_stratified_kfold,123,1,4,424,105,0.730064,0.729606,-0.000458,0.785471,0.783021,0.655188,0.654893,20.84403296573845,1.22
repeated_stratified_kfold,456,2,0,423,106,0.781708,0.773876,-0.007832,0.808092,0.791425,0.753463,0.745773,145.8413391957632,1.13
repeated_stratified_kfold,456,2,1,423,106,0.761811,0.769685,0.007874,0.782696,0.790503,0.740907,0.751385,75.12927899598054,1.08
repeated_stratified_kfold,456,2,2,423,106,0.759948,0.769896,0.009948,0.776049,0.788571,0.74132,0.746245,109.00542605031697,1.4
repeated_stratified_kfold,456,2,3,423,106,0.703607,0.716834,0.013226,0.709851,0.72323,0.675705,0.685056,67.9392160782514,1.21
repeated_stratified_kfold,456,2,4,424,105,0.767361,0.76875,0.001389,0.751352,0.752023,0.769062,0.770331,19.3413878546524,1.04
repeated_stratified_kfold,789,3,0,423,106,0.74162,0.747714,0.006095,0.738175,0.73807,0.727579,0.736254,179.08795800943003,1.19
repeated_stratified_kfold,789,3,1,423,106,0.734554,0.713959,-0.020595,0.746189,0.709164,0.732681,0.71586,157.43408859132018,1.18
repeated_stratified_kfold,789,3,2,423,106,0.774249,0.788841,0.014592,0.781205,0.801948,0.755247,0.76521,46.63592316647425,1.11
repeated_stratified_kfold,789,3,3,423,106,0.692586,0.706374,0.013788,0.740395,0.753079,0.643392,0.658674,103.7412441991459,1.0
repeated_stratified_kfold,789,3,4,424,105,0.825671,0.824078,-0.001593,0.842082,0.837873,0.80321,0.806826,40.223495528560804,0.99
repeated_stratified_kfold,1011,4,0,423,106,0.769721,0.772083,0.002362,0.778635,0.773744,0.741402,0.742857,192.5755137291284,1.03
repeated_stratified_kfold,1011,4,1,423,106,0.734375,0.723592,-0.010783,0.737314,0.719714,0.699064,0.691982,161.81872327194057,1.19
repeated_stratified_kfold,1011,4,2,423,106,0.74343,0.745657,0.002227,0.735001,0.738756,0.735693,0.736438,31.922084383602595,1.24
repeated_stratified_kfold,1011,4,3,423,106,0.809298,0.818802,0.009504,0.854583,0.863984,0.791404,0.802498,80.12598286106358,1.1
repeated_stratified_kfold,1011,4,4,424,105,0.695044,0.707894,0.01285,0.698171,0.711542,0.681542,0.691913,65.22485852261032,1.13
repeated_stratified_group_kfold,42,0,0,387,142,0.757231,0.789231,0.032,0.760211,0.791808,0.744983,0.773115,135.53442456869521,1.04
repeated_stratified_group_kfold,42,0,1,447,82,0.715646,0.721088,0.005442,0.756557,0.757303,0.658738,0.668163,32.76800865709992,1.08
repeated_stratified_group_kfold,42,0,2,414,115,0.702944,0.691272,-0.011672,0.716507,0.695057,0.666176,0.6565,212.5326119528916,1.12
repeated_stratified_group_kfold,42,0,3,420,109,0.767892,0.766907,-0.000985,0.783899,0.776068,0.774802,0.773873,135.46817276319004,1.14
repeated_stratified_group_kfold,42,0,4,448,81,0.730349,0.733083,0.002734,0.709069,0.710608,0.768252,0.77085,24.593487588898903,1.05
repeated_stratified_group_kfold,123,1,0,387,142,0.757231,0.789231,0.032,0.760211,0.791808,0.744983,0.773115,135.53442456869521,1.12
repeated_stratified_group_kfold,123,1,1,447,82,0.715646,0.721088,0.005442,0.756557,0.757303,0.658738,0.668163,32.76800865709992,1.21
repeated_stratified_group_kfold,123,1,2,414,115,0.702944,0.691272,-0.011672,0.716507,0.695057,0.666176,0.6565,212.5326119528916,1.09
repeated_stratified_group_kfold,123,1,3,420,109,0.767892,0.766907,-0.000985,0.783899,0.776068,0.774802,0.773873,135.46817276319004,1.36
repeated_stratified_group_kfold,123,1,4,448,81,0.730349,0.733083,0.002734,0.709069,0.710608,0.768252,0.77085,24.593487588898903,1.24
repeated_stratified_group_kfold,456,2,0,387,142,0.757231,0.789231,0.032,0.760211,0.791808,0.744983,0.773115,135.53442456869521,1.11
repeated_stratified_group_kfold,456,2,1,447,82,0.715646,0.721088,0.005442,0.756557,0.757303,0.658738,0.668163,32.76800865709992,1.16
repeated_stratified_group_kfold,456,2,2,414,115,0.702944,0.691272,-0.011672,0.716507,0.695057,0.666176,0.6565,212.5326119528916,1.0
repeated_stratified_group_kfold,456,2,3,420,109,0.768488,0.765823,-0.002665,0.769766,0.75875,0.777546,0.774829,203.54177750244557,1.04
repeated_stratified_group_kfold,456,2,4,448,81,0.719202,0.722643,0.003441,0.719828,0.721277,0.758968,0.761633,33.35318158820112,1.03
repeated_stratified_group_kfold,789,3,0,387,142,0.757231,0.789231,0.032,0.760211,0.791808,0.744983,0.773115,135.53442456869521,0.99
repeated_stratified_group_kfold,789,3,1,447,82,0.715646,0.721088,0.005442,0.756557,0.757303,0.658738,0.668163,32.76800865709992,1.1
repeated_stratified_group_kfold,789,3,2,414,115,0.702944,0.691272,-0.011672,0.716507,0.695057,0.666176,0.6565,212.5326119528916,0.99
repeated_stratified_group_kfold,789,3,3,420,109,0.767892,0.766907,-0.000985,0.783899,0.776068,0.774802,0.773873,135.46817276319004,1.03
repeated_stratified_group_kfold,789,3,4,448,81,0.730349,0.733083,0.002734,0.709069,0.710608,0.768252,0.77085,24.593487588898903,0.98
repeated_stratified_group_kfold,1011,4,0,387,142,0.757231,0.789231,0.032,0.760211,0.791808,0.744983,0.773115,135.53442456869521,1.01
repeated_stratified_group_kfold,1011,4,1,447,82,0.715646,0.721088,0.005442,0.756557,0.757303,0.658738,0.668163,32.76800865709992,1.07
repeated_stratified_group_kfold,1011,4,2,414,115,0.702944,0.691272,-0.011672,0.716507,0.695057,0.666176,0.6565,212.5326119528916,1.02
repeated_stratified_group_kfold,1011,4,3,420,109,0.768488,0.765823,-0.002665,0.769766,0.75875,0.777546,0.774829,203.54177750244557,1.0
repeated_stratified_group_kfold,1011,4,4,448,81,0.719202,0.722643,0.003441,0.719828,0.721277,0.758968,0.761633,33.35318158820112,1.06
